{
  "$schema": "http://json-schema.org/draft-07/schema#",
  "definitions": {
    "postRequestBody": {
      "type": "object",
      "properties": {
        "Host": {
          "type": "string",
          "minLength": 1
        },
        "Content-Length": {
          "type": "string",
          "minLength": 1
        },
        "Content-Type": {
          "type": "string",
          "minLength": 1
        },
        "User-Agent": {
          "type": "string",
          "minLength": 1
        },
        "Accept": {
          "type": "string",
          "minLength": 1
        },
        "Postman-Token": {
          "type": "string",
          "minLength": 1
        },
        "Connection": {
          "type": "string",
          "minLength": 1
        },
        "Accept-Encoding": {
          "type": "string",
          "minLength": 1
        }
      },
      "required": [
        "Host",
        "Content-Length",
        "Content-Type",
        "User-Agent"
      ]
    },
    "getHeaders": {
      "type": "object",
      "properties": {
        "Host": {
          "type": "string",
          "minLength": 1
        },
        "User-Agent": {
          "type": "string",
          "minLength": 1
        },
        "Accept": {
          "type": "string",
          "minLength": 1
        },
        "Connection": {
          "type": "string",
          "minLength": 1
        },
        "Accept-Encoding": {
          "type": "string",
          "minLength": 1
        }
      },
      "required": [
        "Host",
        "User-Agent",
        "Accept",
        "Connection",
        "Accept-Encoding"
      ]
    }
  }
}